<?xml version="1.0" encoding="UTF-8"?>
<project-private xmlns="http://www.netbeans.org/ns/project-private/1">
    <editor-bookmarks xmlns="http://www.netbeans.org/ns/editor-bookmarks/2" lastBookmarkId="0"/>
    <open-files xmlns="http://www.netbeans.org/ns/projectui-open-files/2">
        <group>
            <file>file:/C:/Users/zheng/Documents/NetBeansProjects/DSAssignment/src/dsassignment/ShowUsersController.java</file>
            <file>file:/C:/Users/zheng/Documents/NetBeansProjects/DSAssignment/src/dsassignment/TinderController.java</file>
            <file>file:/C:/Users/zheng/Documents/NetBeansProjects/DSAssignment/src/dsassignment/UpdateInterestsController.java</file>
            <file>file:/C:/Users/zheng/Documents/NetBeansProjects/DSAssignment/src/dsassignment/LoginController.java</file>
            <file>file:/C:/Users/zheng/Documents/NetBeansProjects/DSAssignment/src/dsassignment/Encryption.java</file>
            <file>file:/C:/Users/zheng/Documents/NetBeansProjects/DSAssignment/src/dsassignment/HomepageController.java</file>
            <file>file:/C:/Users/zheng/Documents/NetBeansProjects/DSAssignment/src/dsassignment/TantanController.java</file>
            <file>file:/C:/Users/zheng/Documents/NetBeansProjects/DSAssignment/src/dsassignment/Client.java</file>
            <file>file:/C:/Users/zheng/Documents/NetBeansProjects/DSAssignment/src/dsassignment/ProfileController.java</file>
            <file>file:/C:/Users/zheng/Documents/NetBeansProjects/DSAssignment/src/dsassignment/JDController.java</file>
        </group>
    </open-files>
</project-private>
